Model,Accuracy,Precision,Recall,F1-Score,ROC-AUC,Confusion Matrix
Logistic Regression,0.8100558659217877,0.7857142857142857,0.7432432432432432,0.7638888888888888,0.8001930501930502,"[[90 15]
 [19 55]]"
Random Forest,0.8156424581005587,0.7971014492753623,0.7432432432432432,0.7692307692307693,0.8049549549549551,"[[91 14]
 [19 55]]"
Neural Network,0.8324022346368715,0.8548387096774194,0.7162162162162162,0.7794117647058824,0.8152509652509652,"[[96  9]
 [21 53]]"
